parameter_set_id,manifest_id,boarding_policy,load_factor,luggage_probability,cross_zone_violation_rate,stow_dist,stow_shape_k,stow_scale_lambda_s,shuffle_model,shuffle_low_s,shuffle_mode_s,shuffle_high_s,total_ticks,total_seconds,avg_boarding_seconds,avg_wait_seconds,luggage_passengers,avg_assigned_stow_seconds,row_conflict_count,seat_shuffle_starts,seat_shuffle_finishes,boarding_completion_success
P01_wb_k1.7_l14_tri_15_20.0_26,1,std,0.85,0.75,0.05,weibull,1.7,14.0,triangular,15.0,20.0,26.0,1453,726.5,99.86088709677419,80.01612903225806,186,12.387096774193548,2370,58,58,True
P01_wb_k1.7_l14_tri_15_20.0_26,2,std,0.85,0.75,0.05,weibull,1.7,14.0,triangular,15.0,20.0,26.0,1425,712.5,101.41935483870968,81.49395161290323,192,13.161458333333334,2301,57,56,True
P01_wb_k1.7_l14_tri_15_20.0_26,3,std,0.85,0.75,0.05,weibull,1.7,14.0,triangular,15.0,20.0,26.0,1599,799.5,100.25604838709677,80.25403225806451,185,11.827027027027027,2366,56,56,True
P01_wb_k1.7_l14_tri_15_20.0_26,4,std,0.85,0.75,0.05,weibull,1.7,14.0,triangular,15.0,20.0,26.0,1511,755.5,103.78024193548387,84.25403225806451,188,12.617021276595745,2617,64,64,True
P01_wb_k1.7_l14_tri_15_20.0_26,5,std,0.85,0.75,0.05,weibull,1.7,14.0,triangular,15.0,20.0,26.0,1497,748.5,94.62298387096774,74.62298387096774,183,12.278688524590164,2690,66,66,True
P01_wb_k1.7_l14_tri_15_20.0_26,6,std,0.85,0.75,0.05,weibull,1.7,14.0,triangular,15.0,20.0,26.0,1439,719.5,112.98185483870968,93.11895161290323,187,12.935828877005347,2380,58,57,True
P01_wb_k1.7_l14_tri_15_20.0_26,7,std,0.85,0.75,0.05,weibull,1.7,14.0,triangular,15.0,20.0,26.0,1530,765.0,106.54233870967742,86.64112903225806,184,12.630434782608695,2207,54,54,True
P01_wb_k1.7_l14_tri_15_20.0_26,8,std,0.85,0.75,0.05,weibull,1.7,14.0,triangular,15.0,20.0,26.0,1388,694.0,99.60282258064517,80.04435483870968,190,12.805263157894737,2369,57,57,True
P01_wb_k1.7_l14_tri_15_20.0_26,9,std,0.85,0.75,0.05,weibull,1.7,14.0,triangular,15.0,20.0,26.0,1514,757.0,95.87298387096774,76.07862903225806,188,13.069148936170214,2505,59,59,True
P01_wb_k1.7_l14_tri_15_20.0_26,10,std,0.85,0.75,0.05,weibull,1.7,14.0,triangular,15.0,20.0,26.0,1603,801.5,108.0625,88.49395161290323,175,12.64,2516,60,60,True
P01_wb_k1.7_l14_tri_15_20.0_26,11,std,0.85,0.75,0.05,weibull,1.7,14.0,triangular,15.0,20.0,26.0,1284,642.0,86.56653225806451,66.60685483870968,180,12.027777777777779,2083,50,50,True
P01_wb_k1.7_l14_tri_15_20.0_26,12,std,0.85,0.75,0.05,weibull,1.7,14.0,triangular,15.0,20.0,26.0,1537,768.5,114.80443548387096,95.16733870967742,193,12.715025906735752,2388,57,57,True
P01_wb_k1.7_l14_tri_15_20.0_26,13,std,0.85,0.75,0.05,weibull,1.7,14.0,triangular,15.0,20.0,26.0,1381,690.5,104.67943548387096,85.29032258064517,181,12.895027624309392,2771,68,68,True
P01_wb_k1.7_l14_tri_15_20.0_26,14,std,0.85,0.75,0.05,weibull,1.7,14.0,triangular,15.0,20.0,26.0,1662,831.0,111.18951612903226,91.66935483870968,190,13.773684210526316,2319,56,56,True
P01_wb_k1.7_l14_tri_15_20.0_26,15,std,0.85,0.75,0.05,weibull,1.7,14.0,triangular,15.0,20.0,26.0,1450,725.0,104.43346774193549,84.77620967741936,186,12.403225806451612,2690,65,65,True
P01_wb_k1.7_l14_tri_15_20.0_26,16,std,0.85,0.75,0.05,weibull,1.7,14.0,triangular,15.0,20.0,26.0,1373,686.5,94.8850806451613,75.12903225806451,181,12.292817679558011,2397,57,57,True
P01_wb_k1.7_l14_tri_15_20.0_26,17,std,0.85,0.75,0.05,weibull,1.7,14.0,triangular,15.0,20.0,26.0,1377,688.5,106.56854838709677,86.59072580645162,189,12.857142857142858,1991,50,49,True
P01_wb_k1.7_l14_tri_15_20.0_26,18,std,0.85,0.75,0.05,weibull,1.7,14.0,triangular,15.0,20.0,26.0,1504,752.0,124.30846774193549,104.35887096774194,194,12.262886597938145,2758,68,66,True
P01_wb_k1.7_l14_tri_15_20.0_26,19,std,0.85,0.75,0.05,weibull,1.7,14.0,triangular,15.0,20.0,26.0,1358,679.0,90.29032258064517,70.53629032258064,177,12.101694915254237,2184,51,51,True
P01_wb_k1.7_l14_tri_15_20.0_26,20,std,0.85,0.75,0.05,weibull,1.7,14.0,triangular,15.0,20.0,26.0,1423,711.5,95.84274193548387,75.86088709677419,192,12.09375,2398,57,57,True
P01_wb_k1.7_l14_tri_15_20.0_26,21,std,0.85,0.75,0.05,weibull,1.7,14.0,triangular,15.0,20.0,26.0,1646,823.0,106.30846774193549,86.55846774193549,191,12.178010471204189,2721,66,66,True
P01_wb_k1.7_l14_tri_15_20.0_26,22,std,0.85,0.75,0.05,weibull,1.7,14.0,triangular,15.0,20.0,26.0,1567,783.5,111.4616935483871,91.60887096774194,181,13.0939226519337,2565,62,62,True
P01_wb_k1.7_l14_tri_15_20.0_26,23,std,0.85,0.75,0.05,weibull,1.7,14.0,triangular,15.0,20.0,26.0,1392,696.0,109.32862903225806,89.82661290322581,191,12.947643979057592,2374,58,58,True
P01_wb_k1.7_l14_tri_15_20.0_26,24,std,0.85,0.75,0.05,weibull,1.7,14.0,triangular,15.0,20.0,26.0,1587,793.5,107.98185483870968,88.04435483870968,181,11.861878453038674,2795,69,68,True
P01_wb_k1.7_l14_tri_15_20.0_26,25,std,0.85,0.75,0.05,weibull,1.7,14.0,triangular,15.0,20.0,26.0,1547,773.5,99.89516129032258,80.13709677419355,193,12.046632124352332,2447,60,60,True
P01_wb_k1.7_l14_tri_15_20.0_26,26,std,0.85,0.75,0.05,weibull,1.7,14.0,triangular,15.0,20.0,26.0,1586,793.0,118.41935483870968,98.78024193548387,186,12.489247311827956,2813,67,67,True
P01_wb_k1.7_l14_tri_15_20.0_26,27,std,0.85,0.75,0.05,weibull,1.7,14.0,triangular,15.0,20.0,26.0,1599,799.5,105.50806451612904,85.94354838709677,185,12.286486486486487,2810,68,67,True
P01_wb_k1.7_l14_tri_15_20.0_26,28,std,0.85,0.75,0.05,weibull,1.7,14.0,triangular,15.0,20.0,26.0,1494,747.0,109.02822580645162,89.13911290322581,174,13.114942528735632,2194,53,53,True
P01_wb_k1.7_l14_tri_15_20.0_26,29,std,0.85,0.75,0.05,weibull,1.7,14.0,triangular,15.0,20.0,26.0,1337,668.5,79.99193548387096,60.65524193548387,177,12.333333333333334,2530,60,60,True
P01_wb_k1.7_l14_tri_15_20.0_26,30,std,0.85,0.75,0.05,weibull,1.7,14.0,triangular,15.0,20.0,26.0,1388,694.0,94.4274193548387,74.61088709677419,188,11.96808510638298,2260,55,55,True
P02_wb_k1.7_l14_tri_15_20.5_26,1,std,0.85,0.75,0.05,weibull,1.7,14.0,triangular,15.0,20.5,26.0,1449,724.5,99.85887096774194,80.01411290322581,186,12.387096774193548,2431,58,58,True
P02_wb_k1.7_l14_tri_15_20.5_26,2,std,0.85,0.75,0.05,weibull,1.7,14.0,triangular,15.0,20.5,26.0,1446,723.0,102.52822580645162,82.60282258064517,192,13.161458333333334,2293,57,56,True
P02_wb_k1.7_l14_tri_15_20.5_26,3,std,0.85,0.75,0.05,weibull,1.7,14.0,triangular,15.0,20.5,26.0,1567,783.5,98.66532258064517,78.6633064516129,185,11.827027027027027,2277,56,56,True
P02_wb_k1.7_l14_tri_15_20.5_26,4,std,0.85,0.75,0.05,weibull,1.7,14.0,triangular,15.0,20.5,26.0,1490,745.0,103.59274193548387,84.06653225806451,188,12.617021276595745,2617,64,64,True
P02_wb_k1.7_l14_tri_15_20.5_26,5,std,0.85,0.75,0.05,weibull,1.7,14.0,triangular,15.0,20.5,26.0,1505,752.5,95.98588709677419,75.98588709677419,183,12.278688524590164,2725,66,66,True
P02_wb_k1.7_l14_tri_15_20.5_26,6,std,0.85,0.75,0.05,weibull,1.7,14.0,triangular,15.0,20.5,26.0,1455,727.5,113.54233870967742,93.67943548387096,187,12.935828877005347,2397,58,57,True
P02_wb_k1.7_l14_tri_15_20.5_26,7,std,0.85,0.75,0.05,weibull,1.7,14.0,triangular,15.0,20.5,26.0,1531,765.5,107.18548387096774,87.28427419354838,184,12.630434782608695,2248,54,54,True
P02_wb_k1.7_l14_tri_15_20.5_26,8,std,0.85,0.75,0.05,weibull,1.7,14.0,triangular,15.0,20.5,26.0,1383,691.5,100.44959677419355,80.89112903225806,190,12.805263157894737,2395,57,57,True
P02_wb_k1.7_l14_tri_15_20.5_26,9,std,0.85,0.75,0.05,weibull,1.7,14.0,triangular,15.0,20.5,26.0,1478,739.0,94.56653225806451,74.77217741935483,188,13.069148936170214,2438,59,59,True
P02_wb_k1.7_l14_tri_15_20.5_26,10,std,0.85,0.75,0.05,weibull,1.7,14.0,triangular,15.0,20.5,26.0,1607,803.5,107.71572580645162,88.14717741935483,175,12.64,2506,60,60,True
P02_wb_k1.7_l14_tri_15_20.5_26,11,std,0.85,0.75,0.05,weibull,1.7,14.0,triangular,15.0,20.5,26.0,1293,646.5,86.6149193548387,66.65524193548387,180,12.027777777777779,2065,50,50,True
P02_wb_k1.7_l14_tri_15_20.5_26,12,std,0.85,0.75,0.05,weibull,1.7,14.0,triangular,15.0,20.5,26.0,1504,752.0,113.44153225806451,93.80443548387096,193,12.715025906735752,2400,57,57,True
P02_wb_k1.7_l14_tri_15_20.5_26,13,std,0.85,0.75,0.05,weibull,1.7,14.0,triangular,15.0,20.5,26.0,1423,711.5,106.84072580645162,87.45161290322581,181,12.895027624309392,2901,68,68,True
P02_wb_k1.7_l14_tri_15_20.5_26,14,std,0.85,0.75,0.05,weibull,1.7,14.0,triangular,15.0,20.5,26.0,1622,811.0,108.0241935483871,88.50403225806451,190,13.773684210526316,2302,56,56,True
P02_wb_k1.7_l14_tri_15_20.5_26,15,std,0.85,0.75,0.05,weibull,1.7,14.0,triangular,15.0,20.5,26.0,1464,732.0,104.19556451612904,84.5383064516129,186,12.403225806451612,2682,65,65,True
P02_wb_k1.7_l14_tri_15_20.5_26,16,std,0.85,0.75,0.05,weibull,1.7,14.0,triangular,15.0,20.5,26.0,1375,687.5,93.33064516129032,73.57459677419355,181,12.292817679558011,2363,57,57,True
P02_wb_k1.7_l14_tri_15_20.5_26,17,std,0.85,0.75,0.05,weibull,1.7,14.0,triangular,15.0,20.5,26.0,1382,691.0,107.8850806451613,87.90725806451613,189,12.857142857142858,2019,50,49,True
P02_wb_k1.7_l14_tri_15_20.5_26,18,std,0.85,0.75,0.05,weibull,1.7,14.0,triangular,15.0,20.5,26.0,1528,764.0,124.8024193548387,104.85282258064517,194,12.262886597938145,2849,68,66,True
P02_wb_k1.7_l14_tri_15_20.5_26,19,std,0.85,0.75,0.05,weibull,1.7,14.0,triangular,15.0,20.5,26.0,1349,674.5,90.32862903225806,70.57459677419355,177,12.101694915254237,2146,51,51,True
P02_wb_k1.7_l14_tri_15_20.5_26,20,std,0.85,0.75,0.05,weibull,1.7,14.0,triangular,15.0,20.5,26.0,1400,700.0,95.4475806451613,75.46572580645162,192,12.09375,2369,57,57,True
P02_wb_k1.7_l14_tri_15_20.5_26,21,std,0.85,0.75,0.05,weibull,1.7,14.0,triangular,15.0,20.5,26.0,1695,847.5,109.77217741935483,90.02217741935483,191,12.178010471204189,2805,66,66,True
P02_wb_k1.7_l14_tri_15_20.5_26,22,std,0.85,0.75,0.05,weibull,1.7,14.0,triangular,15.0,20.5,26.0,1551,775.5,111.6350806451613,91.78225806451613,181,13.0939226519337,2612,62,62,True
P02_wb_k1.7_l14_tri_15_20.5_26,23,std,0.85,0.75,0.05,weibull,1.7,14.0,triangular,15.0,20.5,26.0,1411,705.5,111.63306451612904,92.13104838709677,191,12.947643979057592,2420,58,58,True
P02_wb_k1.7_l14_tri_15_20.5_26,24,std,0.85,0.75,0.05,weibull,1.7,14.0,triangular,15.0,20.5,26.0,1624,812.0,108.82459677419355,88.88709677419355,181,11.861878453038674,2877,69,68,True
P02_wb_k1.7_l14_tri_15_20.5_26,25,std,0.85,0.75,0.05,weibull,1.7,14.0,triangular,15.0,20.5,26.0,1560,780.0,99.86088709677419,80.10282258064517,193,12.046632124352332,2531,60,60,True
P02_wb_k1.7_l14_tri_15_20.5_26,26,std,0.85,0.75,0.05,weibull,1.7,14.0,triangular,15.0,20.5,26.0,1591,795.5,119.07056451612904,99.43145161290323,186,12.489247311827956,2801,67,67,True
P02_wb_k1.7_l14_tri_15_20.5_26,27,std,0.85,0.75,0.05,weibull,1.7,14.0,triangular,15.0,20.5,26.0,1610,805.0,106.6008064516129,87.03629032258064,185,12.286486486486487,2830,68,67,True
P02_wb_k1.7_l14_tri_15_20.5_26,28,std,0.85,0.75,0.05,weibull,1.7,14.0,triangular,15.0,20.5,26.0,1529,764.5,111.25403225806451,91.3649193548387,174,13.114942528735632,2217,53,53,True
P02_wb_k1.7_l14_tri_15_20.5_26,29,std,0.85,0.75,0.05,weibull,1.7,14.0,triangular,15.0,20.5,26.0,1318,659.0,79.90322580645162,60.56653225806452,177,12.333333333333334,2512,60,60,True
P02_wb_k1.7_l14_tri_15_20.5_26,30,std,0.85,0.75,0.05,weibull,1.7,14.0,triangular,15.0,20.5,26.0,1404,702.0,94.62096774193549,74.80443548387096,188,11.96808510638298,2263,55,55,True
P03_wb_k1.7_l14_tri_15_21.0_26,1,std,0.85,0.75,0.05,weibull,1.7,14.0,triangular,15.0,21.0,26.0,1459,729.5,100.01209677419355,80.16733870967742,186,12.387096774193548,2436,58,58,True
P03_wb_k1.7_l14_tri_15_21.0_26,2,std,0.85,0.75,0.05,weibull,1.7,14.0,triangular,15.0,21.0,26.0,1434,717.0,102.31451612903226,82.38911290322581,192,13.161458333333334,2363,57,56,True
P03_wb_k1.7_l14_tri_15_21.0_26,3,std,0.85,0.75,0.05,weibull,1.7,14.0,triangular,15.0,21.0,26.0,1590,795.0,100.1008064516129,80.09879032258064,185,11.827027027027027,2336,56,56,True
P03_wb_k1.7_l14_tri_15_21.0_26,4,std,0.85,0.75,0.05,weibull,1.7,14.0,triangular,15.0,21.0,26.0,1520,760.0,104.84879032258064,85.3225806451613,188,12.617021276595745,2684,64,64,True
P03_wb_k1.7_l14_tri_15_21.0_26,5,std,0.85,0.75,0.05,weibull,1.7,14.0,triangular,15.0,21.0,26.0,1492,746.0,96.36290322580645,76.36290322580645,183,12.278688524590164,2760,66,66,True
P03_wb_k1.7_l14_tri_15_21.0_26,6,std,0.85,0.75,0.05,weibull,1.7,14.0,triangular,15.0,21.0,26.0,1417,708.5,112.27620967741936,92.4133064516129,187,12.935828877005347,2374,58,57,True
P03_wb_k1.7_l14_tri_15_21.0_26,7,std,0.85,0.75,0.05,weibull,1.7,14.0,triangular,15.0,21.0,26.0,1539,769.5,107.72782258064517,87.82661290322581,184,12.630434782608695,2256,54,54,True
P03_wb_k1.7_l14_tri_15_21.0_26,8,std,0.85,0.75,0.05,weibull,1.7,14.0,triangular,15.0,21.0,26.0,1387,693.5,100.26209677419355,80.70362903225806,190,12.805263157894737,2378,57,57,True
P03_wb_k1.7_l14_tri_15_21.0_26,9,std,0.85,0.75,0.05,weibull,1.7,14.0,triangular,15.0,21.0,26.0,1482,741.0,94.94354838709677,75.1491935483871,188,13.069148936170214,2444,59,59,True
P03_wb_k1.7_l14_tri_15_21.0_26,10,std,0.85,0.75,0.05,weibull,1.7,14.0,triangular,15.0,21.0,26.0,1620,810.0,108.46370967741936,88.89516129032258,175,12.64,2577,60,60,True
P03_wb_k1.7_l14_tri_15_21.0_26,11,std,0.85,0.75,0.05,weibull,1.7,14.0,triangular,15.0,21.0,26.0,1307,653.5,88.625,68.66532258064517,180,12.027777777777779,2098,50,50,True
P03_wb_k1.7_l14_tri_15_21.0_26,12,std,0.85,0.75,0.05,weibull,1.7,14.0,triangular,15.0,21.0,26.0,1518,759.0,115.75604838709677,96.11895161290323,193,12.715025906735752,2422,57,57,True
P03_wb_k1.7_l14_tri_15_21.0_26,13,std,0.85,0.75,0.05,weibull,1.7,14.0,triangular,15.0,21.0,26.0,1404,702.0,107.14717741935483,87.75806451612904,181,12.895027624309392,2869,68,68,True
P03_wb_k1.7_l14_tri_15_21.0_26,14,std,0.85,0.75,0.05,weibull,1.7,14.0,triangular,15.0,21.0,26.0,1666,833.0,109.17943548387096,89.65927419354838,190,13.773684210526316,2325,56,56,True
P03_wb_k1.7_l14_tri_15_21.0_26,15,std,0.85,0.75,0.05,weibull,1.7,14.0,triangular,15.0,21.0,26.0,1456,728.0,104.79233870967742,85.1350806451613,186,12.403225806451612,2740,65,65,True
P03_wb_k1.7_l14_tri_15_21.0_26,16,std,0.85,0.75,0.05,weibull,1.7,14.0,triangular,15.0,21.0,26.0,1401,700.5,95.98185483870968,76.2258064516129,181,12.292817679558011,2456,57,57,True
P03_wb_k1.7_l14_tri_15_21.0_26,17,std,0.85,0.75,0.05,weibull,1.7,14.0,triangular,15.0,21.0,26.0,1376,688.0,108.3125,88.33467741935483,189,12.857142857142858,2068,50,49,True
P03_wb_k1.7_l14_tri_15_21.0_26,18,std,0.85,0.75,0.05,weibull,1.7,14.0,triangular,15.0,21.0,26.0,1502,751.0,123.73185483870968,103.78225806451613,194,12.262886597938145,2792,68,66,True
P03_wb_k1.7_l14_tri_15_21.0_26,19,std,0.85,0.75,0.05,weibull,1.7,14.0,triangular,15.0,21.0,26.0,1335,667.5,89.85483870967742,70.1008064516129,177,12.101694915254237,2177,51,51,True
P03_wb_k1.7_l14_tri_15_21.0_26,20,std,0.85,0.75,0.05,weibull,1.7,14.0,triangular,15.0,21.0,26.0,1460,730.0,96.48387096774194,76.50201612903226,192,12.09375,2461,57,57,True
P03_wb_k1.7_l14_tri_15_21.0_26,21,std,0.85,0.75,0.05,weibull,1.7,14.0,triangular,15.0,21.0,26.0,1701,850.5,110.02217741935483,90.27217741935483,191,12.178010471204189,2811,66,66,True
P03_wb_k1.7_l14_tri_15_21.0_26,22,std,0.85,0.75,0.05,weibull,1.7,14.0,triangular,15.0,21.0,26.0,1535,767.5,110.25403225806451,90.40120967741936,181,13.0939226519337,2598,62,62,True
P03_wb_k1.7_l14_tri_15_21.0_26,23,std,0.85,0.75,0.05,weibull,1.7,14.0,triangular,15.0,21.0,26.0,1383,691.5,111.1975806451613,91.69556451612904,191,12.947643979057592,2465,58,58,True
P03_wb_k1.7_l14_tri_15_21.0_26,24,std,0.85,0.75,0.05,weibull,1.7,14.0,triangular,15.0,21.0,26.0,1586,793.0,108.1975806451613,88.2600806451613,181,11.861878453038674,2874,69,68,True
P03_wb_k1.7_l14_tri_15_21.0_26,25,std,0.85,0.75,0.05,weibull,1.7,14.0,triangular,15.0,21.0,26.0,1569,784.5,99.91935483870968,80.16129032258064,193,12.046632124352332,2556,60,60,True
P03_wb_k1.7_l14_tri_15_21.0_26,26,std,0.85,0.75,0.05,weibull,1.7,14.0,triangular,15.0,21.0,26.0,1583,791.5,118.66935483870968,99.03024193548387,186,12.489247311827956,2799,67,67,True
P03_wb_k1.7_l14_tri_15_21.0_26,27,std,0.85,0.75,0.05,weibull,1.7,14.0,triangular,15.0,21.0,26.0,1608,804.0,106.57862903225806,87.01411290322581,185,12.286486486486487,2817,68,67,True
P03_wb_k1.7_l14_tri_15_21.0_26,28,std,0.85,0.75,0.05,weibull,1.7,14.0,triangular,15.0,21.0,26.0,1522,761.0,110.73387096774194,90.84475806451613,174,13.114942528735632,2203,53,53,True
P03_wb_k1.7_l14_tri_15_21.0_26,29,std,0.85,0.75,0.05,weibull,1.7,14.0,triangular,15.0,21.0,26.0,1347,673.5,81.2258064516129,61.88911290322581,177,12.333333333333334,2605,60,60,True
P03_wb_k1.7_l14_tri_15_21.0_26,30,std,0.85,0.75,0.05,weibull,1.7,14.0,triangular,15.0,21.0,26.0,1384,692.0,94.42338709677419,74.60685483870968,188,11.96808510638298,2306,55,55,True
P04_wb_k1.7_l16_tri_15_20.0_26,1,std,0.85,0.75,0.05,weibull,1.7,16.0,triangular,15.0,20.0,26.0,1565,782.5,110.09274193548387,90.24798387096774,186,14.182795698924732,2422,58,58,True
P04_wb_k1.7_l16_tri_15_20.0_26,2,std,0.85,0.75,0.05,weibull,1.7,16.0,triangular,15.0,20.0,26.0,1546,773.0,111.17540322580645,91.25,192,15.078125,2346,57,56,True
P04_wb_k1.7_l16_tri_15_20.0_26,3,std,0.85,0.75,0.05,weibull,1.7,16.0,triangular,15.0,20.0,26.0,1698,849.0,109.13306451612904,89.13104838709677,185,13.52972972972973,2358,56,56,True
P04_wb_k1.7_l16_tri_15_20.0_26,4,std,0.85,0.75,0.05,weibull,1.7,16.0,triangular,15.0,20.0,26.0,1634,817.0,114.03225806451613,94.50604838709677,188,14.430851063829786,2675,64,64,True
P04_wb_k1.7_l16_tri_15_20.0_26,5,std,0.85,0.75,0.05,weibull,1.7,16.0,triangular,15.0,20.0,26.0,1605,802.5,105.31854838709677,85.31854838709677,183,14.005464480874316,2687,66,66,True
P04_wb_k1.7_l16_tri_15_20.0_26,6,std,0.85,0.75,0.05,weibull,1.7,16.0,triangular,15.0,20.0,26.0,1554,777.0,122.31451612903226,102.45161290322581,187,14.732620320855615,2394,58,57,True
P04_wb_k1.7_l16_tri_15_20.0_26,7,std,0.85,0.75,0.05,weibull,1.7,16.0,triangular,15.0,20.0,26.0,1657,828.5,116.70564516129032,96.80443548387096,184,14.38586956521739,2264,54,54,True
P04_wb_k1.7_l16_tri_15_20.0_26,8,std,0.85,0.75,0.05,weibull,1.7,16.0,triangular,15.0,20.0,26.0,1472,736.0,107.57862903225806,88.02016129032258,190,14.605263157894736,2345,57,57,True
P04_wb_k1.7_l16_tri_15_20.0_26,9,std,0.85,0.75,0.05,weibull,1.7,16.0,triangular,15.0,20.0,26.0,1604,802.0,104.2883064516129,84.49395161290323,188,14.893617021276595,2471,59,59,True
P04_wb_k1.7_l16_tri_15_20.0_26,10,std,0.85,0.75,0.05,weibull,1.7,16.0,triangular,15.0,20.0,26.0,1721,860.5,117.35483870967742,97.78629032258064,175,14.405714285714286,2546,60,60,True
P04_wb_k1.7_l16_tri_15_20.0_26,11,std,0.85,0.75,0.05,weibull,1.7,16.0,triangular,15.0,20.0,26.0,1383,691.5,95.56048387096774,75.6008064516129,180,13.761111111111111,2097,50,50,True
P04_wb_k1.7_l16_tri_15_20.0_26,12,std,0.85,0.75,0.05,weibull,1.7,16.0,triangular,15.0,20.0,26.0,1622,811.0,124.34879032258064,104.7116935483871,193,14.507772020725389,2401,57,57,True
P04_wb_k1.7_l16_tri_15_20.0_26,13,std,0.85,0.75,0.05,weibull,1.7,16.0,triangular,15.0,20.0,26.0,1496,748.0,114.11290322580645,94.72379032258064,181,14.723756906077348,2796,68,68,True
P04_wb_k1.7_l16_tri_15_20.0_26,14,std,0.85,0.75,0.05,weibull,1.7,16.0,triangular,15.0,20.0,26.0,1784,892.0,119.81653225806451,100.29637096774194,190,15.705263157894738,2337,56,56,True
P04_wb_k1.7_l16_tri_15_20.0_26,15,std,0.85,0.75,0.05,weibull,1.7,16.0,triangular,15.0,20.0,26.0,1542,771.0,113.84475806451613,94.1875,186,14.166666666666666,2707,65,65,True
P04_wb_k1.7_l16_tri_15_20.0_26,16,std,0.85,0.75,0.05,weibull,1.7,16.0,triangular,15.0,20.0,26.0,1427,713.5,101.7741935483871,82.01814516129032,181,14.077348066298342,2298,57,57,True
P04_wb_k1.7_l16_tri_15_20.0_26,17,std,0.85,0.75,0.05,weibull,1.7,16.0,triangular,15.0,20.0,26.0,1496,748.0,118.1774193548387,98.19959677419355,189,14.671957671957673,2084,50,49,True
P04_wb_k1.7_l16_tri_15_20.0_26,18,std,0.85,0.75,0.05,weibull,1.7,16.0,triangular,15.0,20.0,26.0,1629,814.5,137.13709677419354,117.1875,194,13.97938144329897,2815,68,66,True
P04_wb_k1.7_l16_tri_15_20.0_26,19,std,0.85,0.75,0.05,weibull,1.7,16.0,triangular,15.0,20.0,26.0,1430,715.0,97.26612903225806,77.51209677419355,177,13.785310734463277,2133,51,51,True
P04_wb_k1.7_l16_tri_15_20.0_26,20,std,0.85,0.75,0.05,weibull,1.7,16.0,triangular,15.0,20.0,26.0,1530,765.0,105.15927419354838,85.1774193548387,192,13.822916666666666,2415,57,57,True
P04_wb_k1.7_l16_tri_15_20.0_26,21,std,0.85,0.75,0.05,weibull,1.7,16.0,triangular,15.0,20.0,26.0,1764,882.0,116.7258064516129,96.9758064516129,191,13.921465968586388,2713,66,66,True
P04_wb_k1.7_l16_tri_15_20.0_26,22,std,0.85,0.75,0.05,weibull,1.7,16.0,triangular,15.0,20.0,26.0,1654,827.0,121.92540322580645,102.0725806451613,181,14.96132596685083,2610,62,62,True
P04_wb_k1.7_l16_tri_15_20.0_26,23,std,0.85,0.75,0.05,weibull,1.7,16.0,triangular,15.0,20.0,26.0,1516,758.0,122.95766129032258,103.45564516129032,191,14.75916230366492,2418,58,58,True
P04_wb_k1.7_l16_tri_15_20.0_26,24,std,0.85,0.75,0.05,weibull,1.7,16.0,triangular,15.0,20.0,26.0,1667,833.5,116.12298387096774,96.18548387096774,181,13.613259668508288,2788,69,68,True
P04_wb_k1.7_l16_tri_15_20.0_26,25,std,0.85,0.75,0.05,weibull,1.7,16.0,triangular,15.0,20.0,26.0,1639,819.5,106.41532258064517,86.65725806451613,193,13.751295336787564,2453,60,60,True
P04_wb_k1.7_l16_tri_15_20.0_26,26,std,0.85,0.75,0.05,weibull,1.7,16.0,triangular,15.0,20.0,26.0,1730,865.0,127.40322580645162,107.76411290322581,186,14.295698924731182,2820,67,67,True
P04_wb_k1.7_l16_tri_15_20.0_26,27,std,0.85,0.75,0.05,weibull,1.7,16.0,triangular,15.0,20.0,26.0,1690,845.0,113.42540322580645,93.86088709677419,185,14.005405405405405,2749,68,67,True
P04_wb_k1.7_l16_tri_15_20.0_26,28,std,0.85,0.75,0.05,weibull,1.7,16.0,triangular,15.0,20.0,26.0,1658,829.0,121.97782258064517,102.08870967741936,174,14.994252873563218,2194,53,53,True
P04_wb_k1.7_l16_tri_15_20.0_26,29,std,0.85,0.75,0.05,weibull,1.7,16.0,triangular,15.0,20.0,26.0,1436,718.0,87.00403225806451,67.66733870967742,177,14.101694915254237,2551,60,60,True
P04_wb_k1.7_l16_tri_15_20.0_26,30,std,0.85,0.75,0.05,weibull,1.7,16.0,triangular,15.0,20.0,26.0,1510,755.0,102.97177419354838,83.15524193548387,188,13.712765957446809,2271,55,55,True
P05_wb_k1.7_l16_tri_15_20.5_26,1,std,0.85,0.75,0.05,weibull,1.7,16.0,triangular,15.0,20.5,26.0,1578,789.0,111.20967741935483,91.3649193548387,186,14.182795698924732,2436,58,58,True
P05_wb_k1.7_l16_tri_15_20.5_26,2,std,0.85,0.75,0.05,weibull,1.7,16.0,triangular,15.0,20.5,26.0,1548,774.0,111.1350806451613,91.20967741935483,192,15.078125,2346,57,56,True
P05_wb_k1.7_l16_tri_15_20.5_26,3,std,0.85,0.75,0.05,weibull,1.7,16.0,triangular,15.0,20.5,26.0,1713,856.5,110.25403225806451,90.25201612903226,185,13.52972972972973,2362,56,56,True
P05_wb_k1.7_l16_tri_15_20.5_26,4,std,0.85,0.75,0.05,weibull,1.7,16.0,triangular,15.0,20.5,26.0,1637,818.5,113.24596774193549,93.71975806451613,188,14.430851063829786,2660,64,64,True
P05_wb_k1.7_l16_tri_15_20.5_26,5,std,0.85,0.75,0.05,weibull,1.7,16.0,triangular,15.0,20.5,26.0,1623,811.5,105.42943548387096,85.42943548387096,183,14.005464480874316,2773,66,66,True
P05_wb_k1.7_l16_tri_15_20.5_26,6,std,0.85,0.75,0.05,weibull,1.7,16.0,triangular,15.0,20.5,26.0,1558,779.0,122.95967741935483,103.09677419354838,187,14.732620320855615,2422,58,57,True
P05_wb_k1.7_l16_tri_15_20.5_26,7,std,0.85,0.75,0.05,weibull,1.7,16.0,triangular,15.0,20.5,26.0,1651,825.5,116.93548387096774,97.03427419354838,184,14.38586956521739,2276,54,54,True
P05_wb_k1.7_l16_tri_15_20.5_26,8,std,0.85,0.75,0.05,weibull,1.7,16.0,triangular,15.0,20.5,26.0,1485,742.5,108.7116935483871,89.15322580645162,190,14.605263157894736,2449,57,57,True
P05_wb_k1.7_l16_tri_15_20.5_26,9,std,0.85,0.75,0.05,weibull,1.7,16.0,triangular,15.0,20.5,26.0,1585,792.5,104.27822580645162,84.48387096774194,188,14.893617021276595,2487,59,59,True
P05_wb_k1.7_l16_tri_15_20.5_26,10,std,0.85,0.75,0.05,weibull,1.7,16.0,triangular,15.0,20.5,26.0,1718,859.0,117.55040322580645,97.98185483870968,175,14.405714285714286,2521,60,60,True
P05_wb_k1.7_l16_tri_15_20.5_26,11,std,0.85,0.75,0.05,weibull,1.7,16.0,triangular,15.0,20.5,26.0,1399,699.5,97.12701612903226,77.16733870967742,180,13.761111111111111,2130,50,50,True
P05_wb_k1.7_l16_tri_15_20.5_26,12,std,0.85,0.75,0.05,weibull,1.7,16.0,triangular,15.0,20.5,26.0,1615,807.5,124.20161290322581,104.56451612903226,193,14.507772020725389,2343,57,57,True
P05_wb_k1.7_l16_tri_15_20.5_26,13,std,0.85,0.75,0.05,weibull,1.7,16.0,triangular,15.0,20.5,26.0,1506,753.0,114.30846774193549,94.91935483870968,181,14.723756906077348,2853,68,68,True
P05_wb_k1.7_l16_tri_15_20.5_26,14,std,0.85,0.75,0.05,weibull,1.7,16.0,triangular,15.0,20.5,26.0,1804,902.0,120.06854838709677,100.54838709677419,190,15.705263157894738,2347,56,56,True
P05_wb_k1.7_l16_tri_15_20.5_26,15,std,0.85,0.75,0.05,weibull,1.7,16.0,triangular,15.0,20.5,26.0,1558,779.0,115.07459677419355,95.41733870967742,186,14.166666666666666,2718,65,65,True
P05_wb_k1.7_l16_tri_15_20.5_26,16,std,0.85,0.75,0.05,weibull,1.7,16.0,triangular,15.0,20.5,26.0,1434,717.0,102.90725806451613,83.15120967741936,181,14.077348066298342,2283,57,57,True
P05_wb_k1.7_l16_tri_15_20.5_26,17,std,0.85,0.75,0.05,weibull,1.7,16.0,triangular,15.0,20.5,26.0,1493,746.5,117.9274193548387,97.94959677419355,189,14.671957671957673,2050,50,49,True
P05_wb_k1.7_l16_tri_15_20.5_26,18,std,0.85,0.75,0.05,weibull,1.7,16.0,triangular,15.0,20.5,26.0,1629,814.5,137.88306451612902,117.93346774193549,194,13.97938144329897,2828,68,66,True
P05_wb_k1.7_l16_tri_15_20.5_26,19,std,0.85,0.75,0.05,weibull,1.7,16.0,triangular,15.0,20.5,26.0,1414,707.0,97.53629032258064,77.78225806451613,177,13.785310734463277,2121,51,51,True
P05_wb_k1.7_l16_tri_15_20.5_26,20,std,0.85,0.75,0.05,weibull,1.7,16.0,triangular,15.0,20.5,26.0,1521,760.5,103.21975806451613,83.23790322580645,192,13.822916666666666,2372,57,57,True
P05_wb_k1.7_l16_tri_15_20.5_26,21,std,0.85,0.75,0.05,weibull,1.7,16.0,triangular,15.0,20.5,26.0,1776,888.0,116.76612903225806,97.01612903225806,191,13.921465968586388,2789,66,66,True
P05_wb_k1.7_l16_tri_15_20.5_26,22,std,0.85,0.75,0.05,weibull,1.7,16.0,triangular,15.0,20.5,26.0,1641,820.5,117.13306451612904,97.28024193548387,181,14.96132596685083,2513,62,62,True
P05_wb_k1.7_l16_tri_15_20.5_26,23,std,0.85,0.75,0.05,weibull,1.7,16.0,triangular,15.0,20.5,26.0,1529,764.5,123.51209677419355,104.0100806451613,191,14.75916230366492,2479,58,58,True
P05_wb_k1.7_l16_tri_15_20.5_26,24,std,0.85,0.75,0.05,weibull,1.7,16.0,triangular,15.0,20.5,26.0,1696,848.0,116.85483870967742,96.91733870967742,181,13.613259668508288,2820,69,68,True
P05_wb_k1.7_l16_tri_15_20.5_26,25,std,0.85,0.75,0.05,weibull,1.7,16.0,triangular,15.0,20.5,26.0,1656,828.0,107.58870967741936,87.83064516129032,193,13.751295336787564,2496,60,60,True
P05_wb_k1.7_l16_tri_15_20.5_26,26,std,0.85,0.75,0.05,weibull,1.7,16.0,triangular,15.0,20.5,26.0,1706,853.0,126.59879032258064,106.95967741935483,186,14.295698924731182,2787,67,67,True
P05_wb_k1.7_l16_tri_15_20.5_26,27,std,0.85,0.75,0.05,weibull,1.7,16.0,triangular,15.0,20.5,26.0,1708,854.0,114.74798387096774,95.18346774193549,185,14.005405405405405,2824,68,67,True
P05_wb_k1.7_l16_tri_15_20.5_26,28,std,0.85,0.75,0.05,weibull,1.7,16.0,triangular,15.0,20.5,26.0,1634,817.0,121.79032258064517,101.90120967741936,174,14.994252873563218,2197,53,53,True
P05_wb_k1.7_l16_tri_15_20.5_26,29,std,0.85,0.75,0.05,weibull,1.7,16.0,triangular,15.0,20.5,26.0,1427,713.5,86.1633064516129,66.82661290322581,177,14.101694915254237,2455,60,60,True
P05_wb_k1.7_l16_tri_15_20.5_26,30,std,0.85,0.75,0.05,weibull,1.7,16.0,triangular,15.0,20.5,26.0,1472,736.0,101.89112903225806,82.07459677419355,188,13.712765957446809,2287,55,55,True
P06_wb_k1.7_l16_tri_15_21.0_26,1,std,0.85,0.75,0.05,weibull,1.7,16.0,triangular,15.0,21.0,26.0,1576,788.0,110.65725806451613,90.8125,186,14.182795698924732,2437,58,58,True
P06_wb_k1.7_l16_tri_15_21.0_26,2,std,0.85,0.75,0.05,weibull,1.7,16.0,triangular,15.0,21.0,26.0,1538,769.0,111.46774193548387,91.54233870967742,192,15.078125,2420,57,56,True
P06_wb_k1.7_l16_tri_15_21.0_26,3,std,0.85,0.75,0.05,weibull,1.7,16.0,triangular,15.0,21.0,26.0,1706,853.0,110.31451612903226,90.3125,185,13.52972972972973,2359,56,56,True
P06_wb_k1.7_l16_tri_15_21.0_26,4,std,0.85,0.75,0.05,weibull,1.7,16.0,triangular,15.0,21.0,26.0,1670,835.0,114.50604838709677,94.97983870967742,188,14.430851063829786,2785,64,64,True
P06_wb_k1.7_l16_tri_15_21.0_26,5,std,0.85,0.75,0.05,weibull,1.7,16.0,triangular,15.0,21.0,26.0,1623,811.5,106.21370967741936,86.21370967741936,183,14.005464480874316,2791,66,66,True
P06_wb_k1.7_l16_tri_15_21.0_26,6,std,0.85,0.75,0.05,weibull,1.7,16.0,triangular,15.0,21.0,26.0,1571,785.5,122.47379032258064,102.61088709677419,187,14.732620320855615,2434,58,57,True
P06_wb_k1.7_l16_tri_15_21.0_26,7,std,0.85,0.75,0.05,weibull,1.7,16.0,triangular,15.0,21.0,26.0,1639,819.5,115.69959677419355,95.79838709677419,184,14.38586956521739,2322,54,54,True
P06_wb_k1.7_l16_tri_15_21.0_26,8,std,0.85,0.75,0.05,weibull,1.7,16.0,triangular,15.0,21.0,26.0,1491,745.5,108.09677419354838,88.5383064516129,190,14.605263157894736,2386,57,57,True
P06_wb_k1.7_l16_tri_15_21.0_26,9,std,0.85,0.75,0.05,weibull,1.7,16.0,triangular,15.0,21.0,26.0,1584,792.0,104.15725806451613,84.36290322580645,188,14.893617021276595,2494,59,59,True
P06_wb_k1.7_l16_tri_15_21.0_26,10,std,0.85,0.75,0.05,weibull,1.7,16.0,triangular,15.0,21.0,26.0,1713,856.5,117.40524193548387,97.8366935483871,175,14.405714285714286,2550,60,60,True
P06_wb_k1.7_l16_tri_15_21.0_26,11,std,0.85,0.75,0.05,weibull,1.7,16.0,triangular,15.0,21.0,26.0,1408,704.0,96.1149193548387,76.15524193548387,180,13.761111111111111,2111,50,50,True
P06_wb_k1.7_l16_tri_15_21.0_26,12,std,0.85,0.75,0.05,weibull,1.7,16.0,triangular,15.0,21.0,26.0,1637,818.5,125.75,106.11290322580645,193,14.507772020725389,2440,57,57,True
P06_wb_k1.7_l16_tri_15_21.0_26,13,std,0.85,0.75,0.05,weibull,1.7,16.0,triangular,15.0,21.0,26.0,1523,761.5,114.61290322580645,95.22379032258064,181,14.723756906077348,2890,68,68,True
P06_wb_k1.7_l16_tri_15_21.0_26,14,std,0.85,0.75,0.05,weibull,1.7,16.0,triangular,15.0,21.0,26.0,1795,897.5,120.15725806451613,100.63709677419355,190,15.705263157894738,2385,56,56,True
P06_wb_k1.7_l16_tri_15_21.0_26,15,std,0.85,0.75,0.05,weibull,1.7,16.0,triangular,15.0,21.0,26.0,1564,782.0,115.90120967741936,96.24395161290323,186,14.166666666666666,2712,65,65,True
P06_wb_k1.7_l16_tri_15_21.0_26,16,std,0.85,0.75,0.05,weibull,1.7,16.0,triangular,15.0,21.0,26.0,1479,739.5,103.02822580645162,83.27217741935483,181,14.077348066298342,2400,57,57,True
P06_wb_k1.7_l16_tri_15_21.0_26,17,std,0.85,0.75,0.05,weibull,1.7,16.0,triangular,15.0,21.0,26.0,1477,738.5,117.20161290322581,97.22379032258064,189,14.671957671957673,2054,50,49,True
P06_wb_k1.7_l16_tri_15_21.0_26,18,std,0.85,0.75,0.05,weibull,1.7,16.0,triangular,15.0,21.0,26.0,1609,804.5,137.1048387096774,117.15524193548387,194,13.97938144329897,2772,68,66,True
P06_wb_k1.7_l16_tri_15_21.0_26,19,std,0.85,0.75,0.05,weibull,1.7,16.0,triangular,15.0,21.0,26.0,1459,729.5,98.70564516129032,78.95161290322581,177,13.785310734463277,2177,51,51,True
P06_wb_k1.7_l16_tri_15_21.0_26,20,std,0.85,0.75,0.05,weibull,1.7,16.0,triangular,15.0,21.0,26.0,1517,758.5,104.47379032258064,84.49193548387096,192,13.822916666666666,2404,57,57,True
P06_wb_k1.7_l16_tri_15_21.0_26,21,std,0.85,0.75,0.05,weibull,1.7,16.0,triangular,15.0,21.0,26.0,1761,880.5,116.29838709677419,96.54838709677419,191,13.921465968586388,2857,66,66,True
P06_wb_k1.7_l16_tri_15_21.0_26,22,std,0.85,0.75,0.05,weibull,1.7,16.0,triangular,15.0,21.0,26.0,1646,823.0,118.13911290322581,98.28629032258064,181,14.96132596685083,2573,62,62,True
P06_wb_k1.7_l16_tri_15_21.0_26,23,std,0.85,0.75,0.05,weibull,1.7,16.0,triangular,15.0,21.0,26.0,1506,753.0,122.95967741935483,103.45766129032258,191,14.75916230366492,2420,58,58,True
P06_wb_k1.7_l16_tri_15_21.0_26,24,std,0.85,0.75,0.05,weibull,1.7,16.0,triangular,15.0,21.0,26.0,1691,845.5,117.67338709677419,97.73588709677419,181,13.613259668508288,2908,69,68,True
P06_wb_k1.7_l16_tri_15_21.0_26,25,std,0.85,0.75,0.05,weibull,1.7,16.0,triangular,15.0,21.0,26.0,1671,835.5,109.34274193548387,89.58467741935483,193,13.751295336787564,2526,60,60,True
P06_wb_k1.7_l16_tri_15_21.0_26,26,std,0.85,0.75,0.05,weibull,1.7,16.0,triangular,15.0,21.0,26.0,1730,865.0,126.57862903225806,106.93951612903226,186,14.295698924731182,2770,67,67,True
P06_wb_k1.7_l16_tri_15_21.0_26,27,std,0.85,0.75,0.05,weibull,1.7,16.0,triangular,15.0,21.0,26.0,1698,849.0,114.99798387096774,95.43346774193549,185,14.005405405405405,2849,68,67,True
P06_wb_k1.7_l16_tri_15_21.0_26,28,std,0.85,0.75,0.05,weibull,1.7,16.0,triangular,15.0,21.0,26.0,1656,828.0,122.67540322580645,102.78629032258064,174,14.994252873563218,2232,53,53,True
P06_wb_k1.7_l16_tri_15_21.0_26,29,std,0.85,0.75,0.05,weibull,1.7,16.0,triangular,15.0,21.0,26.0,1417,708.5,86.42943548387096,67.09274193548387,177,14.101694915254237,2480,60,60,True
P06_wb_k1.7_l16_tri_15_21.0_26,30,std,0.85,0.75,0.05,weibull,1.7,16.0,triangular,15.0,21.0,26.0,1516,758.0,102.7600806451613,82.94354838709677,188,13.712765957446809,2323,55,55,True
P07_wb_k1.7_l18_tri_15_20.0_26,1,std,0.85,0.75,0.05,weibull,1.7,18.0,triangular,15.0,20.0,26.0,1634,817.0,117.08064516129032,97.23588709677419,186,15.924731182795698,2372,58,58,True
P07_wb_k1.7_l18_tri_15_20.0_26,2,std,0.85,0.75,0.05,weibull,1.7,18.0,triangular,15.0,20.0,26.0,1622,811.0,118.43346774193549,98.50806451612904,192,16.984375,2264,57,56,True
P07_wb_k1.7_l18_tri_15_20.0_26,3,std,0.85,0.75,0.05,weibull,1.7,18.0,triangular,15.0,20.0,26.0,1827,913.5,120.75806451612904,100.75604838709677,185,15.18918918918919,2353,56,56,True
P07_wb_k1.7_l18_tri_15_20.0_26,4,std,0.85,0.75,0.05,weibull,1.7,18.0,triangular,15.0,20.0,26.0,1735,867.5,122.30846774193549,102.78225806451613,188,16.21276595744681,2645,64,64,True
P07_wb_k1.7_l18_tri_15_20.0_26,5,std,0.85,0.75,0.05,weibull,1.7,18.0,triangular,15.0,20.0,26.0,1750,875.0,113.90120967741936,93.90120967741936,183,15.759562841530055,2736,66,66,True
P07_wb_k1.7_l18_tri_15_20.0_26,6,std,0.85,0.75,0.05,weibull,1.7,18.0,triangular,15.0,20.0,26.0,1654,827.0,131.37298387096774,111.5100806451613,187,16.593582887700535,2321,58,57,True
P07_wb_k1.7_l18_tri_15_20.0_26,7,std,0.85,0.75,0.05,weibull,1.7,18.0,triangular,15.0,20.0,26.0,1760,880.0,125.53427419354838,105.63306451612904,184,16.195652173913043,2229,54,54,True
P07_wb_k1.7_l18_tri_15_20.0_26,8,std,0.85,0.75,0.05,weibull,1.7,18.0,triangular,15.0,20.0,26.0,1594,797.0,117.15725806451613,97.59879032258064,190,16.410526315789475,2381,57,57,True
P07_wb_k1.7_l18_tri_15_20.0_26,9,std,0.85,0.75,0.05,weibull,1.7,18.0,triangular,15.0,20.0,26.0,1752,876.0,113.09274193548387,93.29838709677419,188,16.81382978723404,2451,59,59,True
P07_wb_k1.7_l18_tri_15_20.0_26,10,std,0.85,0.75,0.05,weibull,1.7,18.0,triangular,15.0,20.0,26.0,1811,905.5,128.03629032258064,108.46774193548387,175,16.245714285714286,2524,60,60,True
P07_wb_k1.7_l18_tri_15_20.0_26,11,std,0.85,0.75,0.05,weibull,1.7,18.0,triangular,15.0,20.0,26.0,1495,747.5,103.79233870967742,83.83266129032258,180,15.494444444444444,2103,50,50,True
P07_wb_k1.7_l18_tri_15_20.0_26,12,std,0.85,0.75,0.05,weibull,1.7,18.0,triangular,15.0,20.0,26.0,1736,868.0,136.75201612903226,117.1149193548387,193,16.34715025906736,2415,57,57,True
P07_wb_k1.7_l18_tri_15_20.0_26,13,std,0.85,0.75,0.05,weibull,1.7,18.0,triangular,15.0,20.0,26.0,1563,781.5,119.60887096774194,100.21975806451613,181,16.607734806629836,2753,68,68,True
P07_wb_k1.7_l18_tri_15_20.0_26,14,std,0.85,0.75,0.05,weibull,1.7,18.0,triangular,15.0,20.0,26.0,1871,935.5,127.95362903225806,108.43346774193549,190,17.694736842105264,2232,56,56,True
P07_wb_k1.7_l18_tri_15_20.0_26,15,std,0.85,0.75,0.05,weibull,1.7,18.0,triangular,15.0,20.0,26.0,1654,827.0,121.48185483870968,101.82459677419355,186,15.946236559139784,2711,65,65,True
P07_wb_k1.7_l18_tri_15_20.0_26,16,std,0.85,0.75,0.05,weibull,1.7,18.0,triangular,15.0,20.0,26.0,1565,782.5,111.62298387096774,91.86693548387096,181,15.806629834254144,2349,57,57,True
P07_wb_k1.7_l18_tri_15_20.0_26,17,std,0.85,0.75,0.05,weibull,1.7,18.0,triangular,15.0,20.0,26.0,1589,794.5,129.4798387096774,109.50201612903226,189,16.47089947089947,2009,50,49,True
P07_wb_k1.7_l18_tri_15_20.0_26,18,std,0.85,0.75,0.05,weibull,1.7,18.0,triangular,15.0,20.0,26.0,1728,864.0,146.79637096774192,126.84677419354838,194,15.783505154639176,2695,68,66,True
P07_wb_k1.7_l18_tri_15_20.0_26,19,std,0.85,0.75,0.05,weibull,1.7,18.0,triangular,15.0,20.0,26.0,1544,772.0,107.9274193548387,88.17338709677419,177,15.570621468926554,2165,51,51,True
P07_wb_k1.7_l18_tri_15_20.0_26,20,std,0.85,0.75,0.05,weibull,1.7,18.0,triangular,15.0,20.0,26.0,1613,806.5,114.54032258064517,94.55846774193549,192,15.536458333333334,2356,57,57,True
P07_wb_k1.7_l18_tri_15_20.0_26,21,std,0.85,0.75,0.05,weibull,1.7,18.0,triangular,15.0,20.0,26.0,1879,939.5,125.9758064516129,106.2258064516129,191,15.638743455497382,2723,66,66,True
P07_wb_k1.7_l18_tri_15_20.0_26,22,std,0.85,0.75,0.05,weibull,1.7,18.0,triangular,15.0,20.0,26.0,1759,879.5,127.04838709677419,107.19556451612904,181,16.8121546961326,2597,62,62,True
P07_wb_k1.7_l18_tri_15_20.0_26,23,std,0.85,0.75,0.05,weibull,1.7,18.0,triangular,15.0,20.0,26.0,1602,801.0,135.29032258064515,115.7883064516129,191,16.63350785340314,2430,58,58,True
P07_wb_k1.7_l18_tri_15_20.0_26,24,std,0.85,0.75,0.05,weibull,1.7,18.0,triangular,15.0,20.0,26.0,1776,888.0,124.45564516129032,104.51814516129032,181,15.281767955801104,2777,69,68,True
P07_wb_k1.7_l18_tri_15_20.0_26,25,std,0.85,0.75,0.05,weibull,1.7,18.0,triangular,15.0,20.0,26.0,1801,900.5,116.9616935483871,97.20362903225806,193,15.487046632124352,2552,60,60,True
P07_wb_k1.7_l18_tri_15_20.0_26,26,std,0.85,0.75,0.05,weibull,1.7,18.0,triangular,15.0,20.0,26.0,1883,941.5,137.70967741935485,118.07056451612904,186,16.06451612903226,2818,67,67,True
P07_wb_k1.7_l18_tri_15_20.0_26,27,std,0.85,0.75,0.05,weibull,1.7,18.0,triangular,15.0,20.0,26.0,1817,908.5,122.72379032258064,103.15927419354838,185,15.854054054054053,2868,68,67,True
P07_wb_k1.7_l18_tri_15_20.0_26,28,std,0.85,0.75,0.05,weibull,1.7,18.0,triangular,15.0,20.0,26.0,1736,868.0,129.9233870967742,110.03427419354838,174,16.844827586206897,2142,53,53,True
P07_wb_k1.7_l18_tri_15_20.0_26,29,std,0.85,0.75,0.05,weibull,1.7,18.0,triangular,15.0,20.0,26.0,1478,739.0,93.40725806451613,74.07056451612904,177,15.887005649717514,2463,60,60,True
P07_wb_k1.7_l18_tri_15_20.0_26,30,std,0.85,0.75,0.05,weibull,1.7,18.0,triangular,15.0,20.0,26.0,1601,800.5,110.29233870967742,90.4758064516129,188,15.398936170212766,2297,55,55,True
P08_wb_k1.7_l18_tri_15_20.5_26,1,std,0.85,0.75,0.05,weibull,1.7,18.0,triangular,15.0,20.5,26.0,1666,833.0,117.84475806451613,98.0,186,15.924731182795698,2394,58,58,True
P08_wb_k1.7_l18_tri_15_20.5_26,2,std,0.85,0.75,0.05,weibull,1.7,18.0,triangular,15.0,20.5,26.0,1631,815.5,118.31653225806451,98.39112903225806,192,16.984375,2311,57,56,True
P08_wb_k1.7_l18_tri_15_20.5_26,3,std,0.85,0.75,0.05,weibull,1.7,18.0,triangular,15.0,20.5,26.0,1844,922.0,121.36895161290323,101.36693548387096,185,15.18918918918919,2414,56,56,True
P08_wb_k1.7_l18_tri_15_20.5_26,4,std,0.85,0.75,0.05,weibull,1.7,18.0,triangular,15.0,20.5,26.0,1736,868.0,122.85887096774194,103.33266129032258,188,16.21276595744681,2638,64,64,True
P08_wb_k1.7_l18_tri_15_20.5_26,5,std,0.85,0.75,0.05,weibull,1.7,18.0,triangular,15.0,20.5,26.0,1772,886.0,114.9274193548387,94.9274193548387,183,15.759562841530055,2780,66,66,True
P08_wb_k1.7_l18_tri_15_20.5_26,6,std,0.85,0.75,0.05,weibull,1.7,18.0,triangular,15.0,20.5,26.0,1648,824.0,130.56451612903226,110.70161290322581,187,16.593582887700535,2378,58,57,True
P08_wb_k1.7_l18_tri_15_20.5_26,7,std,0.85,0.75,0.05,weibull,1.7,18.0,triangular,15.0,20.5,26.0,1780,890.0,126.1633064516129,106.26209677419355,184,16.195652173913043,2265,54,54,True
P08_wb_k1.7_l18_tri_15_20.5_26,8,std,0.85,0.75,0.05,weibull,1.7,18.0,triangular,15.0,20.5,26.0,1586,793.0,117.18346774193549,97.625,190,16.410526315789475,2417,57,57,True
P08_wb_k1.7_l18_tri_15_20.5_26,9,std,0.85,0.75,0.05,weibull,1.7,18.0,triangular,15.0,20.5,26.0,1746,873.0,113.70161290322581,93.90725806451613,188,16.81382978723404,2462,59,59,True
P08_wb_k1.7_l18_tri_15_20.5_26,10,std,0.85,0.75,0.05,weibull,1.7,18.0,triangular,15.0,20.5,26.0,1814,907.0,128.24798387096774,108.67943548387096,175,16.245714285714286,2510,60,60,True
P08_wb_k1.7_l18_tri_15_20.5_26,11,std,0.85,0.75,0.05,weibull,1.7,18.0,triangular,15.0,20.5,26.0,1464,732.0,101.58266129032258,81.62298387096774,180,15.494444444444444,2066,50,50,True
P08_wb_k1.7_l18_tri_15_20.5_26,12,std,0.85,0.75,0.05,weibull,1.7,18.0,triangular,15.0,20.5,26.0,1731,865.5,138.13104838709677,118.49395161290323,193,16.34715025906736,2411,57,57,True
P08_wb_k1.7_l18_tri_15_20.5_26,13,std,0.85,0.75,0.05,weibull,1.7,18.0,triangular,15.0,20.5,26.0,1574,787.0,120.8125,101.42338709677419,181,16.607734806629836,2780,68,68,True
P08_wb_k1.7_l18_tri_15_20.5_26,14,std,0.85,0.75,0.05,weibull,1.7,18.0,triangular,15.0,20.5,26.0,1915,957.5,130.25806451612902,110.73790322580645,190,17.694736842105264,2358,56,56,True
P08_wb_k1.7_l18_tri_15_20.5_26,15,std,0.85,0.75,0.05,weibull,1.7,18.0,triangular,15.0,20.5,26.0,1652,826.0,122.8991935483871,103.24193548387096,186,15.946236559139784,2716,65,65,True
P08_wb_k1.7_l18_tri_15_20.5_26,16,std,0.85,0.75,0.05,weibull,1.7,18.0,triangular,15.0,20.5,26.0,1557,778.5,112.78024193548387,93.0241935483871,181,15.806629834254144,2363,57,57,True
P08_wb_k1.7_l18_tri_15_20.5_26,17,std,0.85,0.75,0.05,weibull,1.7,18.0,triangular,15.0,20.5,26.0,1611,805.5,129.82862903225808,109.8508064516129,189,16.47089947089947,2119,50,49,True
P08_wb_k1.7_l18_tri_15_20.5_26,18,std,0.85,0.75,0.05,weibull,1.7,18.0,triangular,15.0,20.5,26.0,1727,863.5,147.0241935483871,127.07459677419355,194,15.783505154639176,2756,68,66,True
P08_wb_k1.7_l18_tri_15_20.5_26,19,std,0.85,0.75,0.05,weibull,1.7,18.0,triangular,15.0,20.5,26.0,1558,779.0,107.7258064516129,87.97177419354838,177,15.570621468926554,2144,51,51,True
P08_wb_k1.7_l18_tri_15_20.5_26,20,std,0.85,0.75,0.05,weibull,1.7,18.0,triangular,15.0,20.5,26.0,1620,810.0,114.6149193548387,94.63306451612904,192,15.536458333333334,2380,57,57,True
P08_wb_k1.7_l18_tri_15_20.5_26,21,std,0.85,0.75,0.05,weibull,1.7,18.0,triangular,15.0,20.5,26.0,1866,933.0,125.8366935483871,106.0866935483871,191,15.638743455497382,2749,66,66,True
P08_wb_k1.7_l18_tri_15_20.5_26,22,std,0.85,0.75,0.05,weibull,1.7,18.0,triangular,15.0,20.5,26.0,1764,882.0,128.56854838709677,108.71572580645162,181,16.8121546961326,2562,62,62,True
P08_wb_k1.7_l18_tri_15_20.5_26,23,std,0.85,0.75,0.05,weibull,1.7,18.0,triangular,15.0,20.5,26.0,1606,803.0,134.30443548387098,114.8024193548387,191,16.63350785340314,2410,58,58,True
P08_wb_k1.7_l18_tri_15_20.5_26,24,std,0.85,0.75,0.05,weibull,1.7,18.0,triangular,15.0,20.5,26.0,1773,886.5,124.87701612903226,104.93951612903226,181,15.281767955801104,2818,69,68,True
P08_wb_k1.7_l18_tri_15_20.5_26,25,std,0.85,0.75,0.05,weibull,1.7,18.0,triangular,15.0,20.5,26.0,1767,883.5,115.67338709677419,95.91532258064517,193,15.487046632124352,2476,60,60,True
P08_wb_k1.7_l18_tri_15_20.5_26,26,std,0.85,0.75,0.05,weibull,1.7,18.0,triangular,15.0,20.5,26.0,1876,938.0,137.26209677419354,117.62298387096774,186,16.06451612903226,2809,67,67,True
P08_wb_k1.7_l18_tri_15_20.5_26,27,std,0.85,0.75,0.05,weibull,1.7,18.0,triangular,15.0,20.5,26.0,1823,911.5,122.1491935483871,102.58467741935483,185,15.854054054054053,2798,68,67,True
P08_wb_k1.7_l18_tri_15_20.5_26,28,std,0.85,0.75,0.05,weibull,1.7,18.0,triangular,15.0,20.5,26.0,1773,886.5,132.59072580645162,112.70161290322581,174,16.844827586206897,2227,53,53,True
P08_wb_k1.7_l18_tri_15_20.5_26,29,std,0.85,0.75,0.05,weibull,1.7,18.0,triangular,15.0,20.5,26.0,1500,750.0,93.29233870967742,73.95564516129032,177,15.887005649717514,2483,60,60,True
P08_wb_k1.7_l18_tri_15_20.5_26,30,std,0.85,0.75,0.05,weibull,1.7,18.0,triangular,15.0,20.5,26.0,1604,802.0,110.96774193548387,91.15120967741936,188,15.398936170212766,2324,55,55,True
P09_wb_k1.7_l18_tri_15_21.0_26,1,std,0.85,0.75,0.05,weibull,1.7,18.0,triangular,15.0,21.0,26.0,1673,836.5,117.7399193548387,97.89516129032258,186,15.924731182795698,2424,58,58,True
P09_wb_k1.7_l18_tri_15_21.0_26,2,std,0.85,0.75,0.05,weibull,1.7,18.0,triangular,15.0,21.0,26.0,1651,825.5,119.96975806451613,100.04435483870968,192,16.984375,2387,57,56,True
P09_wb_k1.7_l18_tri_15_21.0_26,3,std,0.85,0.75,0.05,weibull,1.7,18.0,triangular,15.0,21.0,26.0,1832,916.0,120.21774193548387,100.21572580645162,185,15.18918918918919,2391,56,56,True
P09_wb_k1.7_l18_tri_15_21.0_26,4,std,0.85,0.75,0.05,weibull,1.7,18.0,triangular,15.0,21.0,26.0,1746,873.0,123.50201612903226,103.9758064516129,188,16.21276595744681,2769,64,64,True
P09_wb_k1.7_l18_tri_15_21.0_26,5,std,0.85,0.75,0.05,weibull,1.7,18.0,triangular,15.0,21.0,26.0,1757,878.5,115.39112903225806,95.39112903225806,183,15.759562841530055,2791,66,66,True
P09_wb_k1.7_l18_tri_15_21.0_26,6,std,0.85,0.75,0.05,weibull,1.7,18.0,triangular,15.0,21.0,26.0,1636,818.0,131.07459677419354,111.2116935483871,187,16.593582887700535,2389,58,57,True
P09_wb_k1.7_l18_tri_15_21.0_26,7,std,0.85,0.75,0.05,weibull,1.7,18.0,triangular,15.0,21.0,26.0,1787,893.5,126.82862903225806,106.9274193548387,184,16.195652173913043,2317,54,54,True
P09_wb_k1.7_l18_tri_15_21.0_26,8,std,0.85,0.75,0.05,weibull,1.7,18.0,triangular,15.0,21.0,26.0,1567,783.5,116.70564516129032,97.14717741935483,190,16.410526315789475,2374,57,57,True
P09_wb_k1.7_l18_tri_15_21.0_26,9,std,0.85,0.75,0.05,weibull,1.7,18.0,triangular,15.0,21.0,26.0,1759,879.5,112.84677419354838,93.0524193548387,188,16.81382978723404,2413,59,59,True
P09_wb_k1.7_l18_tri_15_21.0_26,10,std,0.85,0.75,0.05,weibull,1.7,18.0,triangular,15.0,21.0,26.0,1822,911.0,129.2116935483871,109.64314516129032,175,16.245714285714286,2529,60,60,True
P09_wb_k1.7_l18_tri_15_21.0_26,11,std,0.85,0.75,0.05,weibull,1.7,18.0,triangular,15.0,21.0,26.0,1503,751.5,103.37298387096774,83.4133064516129,180,15.494444444444444,2120,50,50,True
P09_wb_k1.7_l18_tri_15_21.0_26,12,std,0.85,0.75,0.05,weibull,1.7,18.0,triangular,15.0,21.0,26.0,1748,874.0,138.46975806451613,118.83266129032258,193,16.34715025906736,2370,57,57,True
P09_wb_k1.7_l18_tri_15_21.0_26,13,std,0.85,0.75,0.05,weibull,1.7,18.0,triangular,15.0,21.0,26.0,1580,790.0,121.5866935483871,102.1975806451613,181,16.607734806629836,2885,68,68,True
P09_wb_k1.7_l18_tri_15_21.0_26,14,std,0.85,0.75,0.05,weibull,1.7,18.0,triangular,15.0,21.0,26.0,1901,950.5,129.25201612903226,109.73185483870968,190,17.694736842105264,2352,56,56,True
P09_wb_k1.7_l18_tri_15_21.0_26,15,std,0.85,0.75,0.05,weibull,1.7,18.0,triangular,15.0,21.0,26.0,1626,813.0,122.46572580645162,102.80846774193549,186,15.946236559139784,2715,65,65,True
P09_wb_k1.7_l18_tri_15_21.0_26,16,std,0.85,0.75,0.05,weibull,1.7,18.0,triangular,15.0,21.0,26.0,1567,783.5,113.92338709677419,94.16733870967742,181,15.806629834254144,2485,57,57,True
P09_wb_k1.7_l18_tri_15_21.0_26,17,std,0.85,0.75,0.05,weibull,1.7,18.0,triangular,15.0,21.0,26.0,1610,805.0,129.66129032258064,109.68346774193549,189,16.47089947089947,2147,50,49,True
P09_wb_k1.7_l18_tri_15_21.0_26,18,std,0.85,0.75,0.05,weibull,1.7,18.0,triangular,15.0,21.0,26.0,1729,864.5,147.49798387096774,127.54838709677419,194,15.783505154639176,2742,68,66,True
P09_wb_k1.7_l18_tri_15_21.0_26,19,std,0.85,0.75,0.05,weibull,1.7,18.0,triangular,15.0,21.0,26.0,1545,772.5,107.60483870967742,87.8508064516129,177,15.570621468926554,2161,51,51,True
P09_wb_k1.7_l18_tri_15_21.0_26,20,std,0.85,0.75,0.05,weibull,1.7,18.0,triangular,15.0,21.0,26.0,1611,805.5,114.41935483870968,94.4375,192,15.536458333333334,2434,57,57,True
P09_wb_k1.7_l18_tri_15_21.0_26,21,std,0.85,0.75,0.05,weibull,1.7,18.0,triangular,15.0,21.0,26.0,1896,948.0,125.49193548387096,105.74193548387096,191,15.638743455497382,2807,66,66,True
P09_wb_k1.7_l18_tri_15_21.0_26,22,std,0.85,0.75,0.05,weibull,1.7,18.0,triangular,15.0,21.0,26.0,1809,904.5,129.9616935483871,110.10887096774194,181,16.8121546961326,2679,62,62,True
P09_wb_k1.7_l18_tri_15_21.0_26,23,std,0.85,0.75,0.05,weibull,1.7,18.0,triangular,15.0,21.0,26.0,1628,814.0,134.33467741935485,114.83266129032258,191,16.63350785340314,2437,58,58,True
P09_wb_k1.7_l18_tri_15_21.0_26,24,std,0.85,0.75,0.05,weibull,1.7,18.0,triangular,15.0,21.0,26.0,1776,888.0,123.96572580645162,104.02822580645162,181,15.281767955801104,2758,69,68,True
P09_wb_k1.7_l18_tri_15_21.0_26,25,std,0.85,0.75,0.05,weibull,1.7,18.0,triangular,15.0,21.0,26.0,1802,901.0,117.79233870967742,98.03427419354838,193,15.487046632124352,2572,60,60,True
P09_wb_k1.7_l18_tri_15_21.0_26,26,std,0.85,0.75,0.05,weibull,1.7,18.0,triangular,15.0,21.0,26.0,1875,937.5,136.50806451612902,116.86895161290323,186,16.06451612903226,2854,67,67,True
P09_wb_k1.7_l18_tri_15_21.0_26,27,std,0.85,0.75,0.05,weibull,1.7,18.0,triangular,15.0,21.0,26.0,1825,912.5,123.90322580645162,104.33870967741936,185,15.854054054054053,2843,68,67,True
P09_wb_k1.7_l18_tri_15_21.0_26,28,std,0.85,0.75,0.05,weibull,1.7,18.0,triangular,15.0,21.0,26.0,1779,889.5,133.76008064516128,113.87096774193549,174,16.844827586206897,2281,53,53,True
P09_wb_k1.7_l18_tri_15_21.0_26,29,std,0.85,0.75,0.05,weibull,1.7,18.0,triangular,15.0,21.0,26.0,1509,754.5,94.16935483870968,74.83266129032258,177,15.887005649717514,2510,60,60,True
P09_wb_k1.7_l18_tri_15_21.0_26,30,std,0.85,0.75,0.05,weibull,1.7,18.0,triangular,15.0,21.0,26.0,1610,805.0,111.24193548387096,91.42540322580645,188,15.398936170212766,2316,55,55,True
